INSERT INTO Formation (id_formation, libelle_formation) VALUES
(1, 'BUT Informatique');

INSERT INTO Utilisateur (id_utilisateur, identifiant_connexion, hash_mdp, code_role) VALUES
(1, 'admin.sys', '$2y$10$adminhash', 'ADMIN'),
(2, 'n.ferey', '$2y$10$hash123', 'ENSEIGNANT'),
(3, 'a.dupont', '$2y$10$hash123', 'ENSEIGNANT'),
(4, 'b.martin', '$2y$10$hash123', 'ENSEIGNANT'),
(5, 'c.lefevre', '$2y$10$hash123', 'ENSEIGNANT'),
(6, 'd.moreau', '$2y$10$hash123', 'ENSEIGNANT'),
(7, 'e.simon', '$2y$10$hash123', 'ENSEIGNANT'),
(8, 'f.michel', '$2y$10$hash123', 'ENSEIGNANT'),
(9, 'g.leroy', '$2y$10$hash123', 'ENSEIGNANT'),
(10, 'h.roux', '$2y$10$hash123', 'ENSEIGNANT'),
(11, 'i.david', '$2y$10$hash123', 'ENSEIGNANT'),
(12, 'j.bertrand', '$2y$10$hash123', 'ENSEIGNANT'),
(13, 'k.muller', '$2y$10$hash123', 'ENSEIGNANT'),
(14, 'l.fontaine', '$2y$10$hash123', 'ENSEIGNANT'),
(15, 'm.chevalier', '$2y$10$hash123', 'ENSEIGNANT'),
(16, 'n.guerin', '$2y$10$hash123', 'ENSEIGNANT'),
(17, 'o.boyer', '$2y$10$hash123', 'ENSEIGNANT'),
(18, 'p.garnier', '$2y$10$hash123', 'ENSEIGNANT'),
(19, 'q.legrand', '$2y$10$hash123', 'ENSEIGNANT'),
(20, 'r.clement', '$2y$10$hash123', 'ENSEIGNANT'),
(21, 's.gauthier', '$2y$10$hash123', 'ENSEIGNANT'),
(22, 't.dumoulin', '$2y$10$hash123', 'ENSEIGNANT'),
(23, 'u.henry', '$2y$10$hash123', 'ENSEIGNANT');

INSERT INTO Etudiant (id_etudiant, numero_etudiant, nom_etudiant, prenom_etudiant, genre_etudiant, email_etudiant, tel_etudiant, rue_etudiant, ville_etudiant, code_postal_etudiant, type_bac, periode_redoublement, parcours_etudiant) VALUES
(1, '22001', 'Martin', 'Thomas', 'M', 'thomas.m@univ.fr', '0600000001', '10 Bd Mitterrand', 'Evry-Courcouronnes', '91000', 'General', 'Non', 'Standard'),
(2, '22002', 'Bernard', 'Sophie', 'F', 'sophie.b@univ.fr', '0600000002', '5 Rue Feray', 'Corbeil-Essonnes', '91100', 'Techno', 'Non', 'Standard'),
(3, '22003', 'Petit', 'Lucas', 'M', 'lucas.p@univ.fr', '0600000003', '12 Av Carnot', 'Massy', '91300', 'General', 'S1', 'Redoublant'),
(4, '22004', 'Robert', 'Emma', 'F', 'emma.r@univ.fr', '0600000004', '3 Rue de Paris', 'Orsay', '91400', 'Pro', 'Non', 'Reorientation'),
(5, '22005', 'Richard', 'Gabriel', 'M', 'gabriel.r@univ.fr', '0600000005', '8 Rue de Verdun', 'Palaiseau', '91120', 'General', 'Non', 'Standard'),
(6, '22006', 'Durand', 'Lea', 'F', 'lea.d@univ.fr', '0600000006', '14 Rue des Ecoles', 'Evry-Courcouronnes', '91000', 'General', 'Non', 'Standard'),
(7, '22007', 'Moreau', 'Hugo', 'M', 'hugo.m@univ.fr', '0600000007', '9 Av de la Republique', 'Ris-Orangis', '91130', 'Techno', 'Non', 'Standard'),
(8, '22008', 'Simon', 'Chloe', 'F', 'chloe.s@univ.fr', '0600000008', '2 Rue du Parc', 'Grigny', '91350', 'General', 'Non', 'Standard'),
(9, '22009', 'Laurent', 'Nathan', 'M', 'nathan.l@univ.fr', '0600000009', '7 Bd Jean Jaures', 'Evry-Courcouronnes', '91000', 'Pro', 'S2', 'Redoublant'),
(10, '22010', 'Lefevre', 'Manon', 'F', 'manon.l@univ.fr', '0600000010', '1 Rue des Fleurs', 'Lisses', '91090', 'General', 'Non', 'Standard'),
(11, '22011', 'Michel', 'Theo', 'M', 'theo.m@univ.fr', '0600000011', '55 Av de France', 'Paris', '75013', 'General', 'Non', 'Standard'),
(12, '22012', 'Garcia', 'Camille', 'F', 'camille.g@univ.fr', '0600000012', '10 Rue de la Gare', 'Bretigny-sur-Orge', '91220', 'Techno', 'Non', 'Standard'),
(13, '22013', 'David', 'Louis', 'M', 'louis.d@univ.fr', '0600000013', '3 Allée des Pins', 'Gif-sur-Yvette', '91190', 'General', 'Non', 'Standard'),
(14, '22014', 'Bertrand', 'Jade', 'F', 'jade.b@univ.fr', '0600000014', '9 Place de la Mairie', 'Les Ulis', '91940', 'General', 'Non', 'Standard'),
(15, '22015', 'Roux', 'Enzo', 'M', 'enzo.r@univ.fr', '0600000015', '4 Rue de la Paix', 'Boulogne-Billancourt', '92100', 'Techno', 'Non', 'Standard'),
(16, '22016', 'Vincent', 'Louise', 'F', 'louise.v@univ.fr', '0600000016', '12 Rue Victor Hugo', 'Evry-Courcouronnes', '91000', 'General', 'Non', 'Standard'),
(17, '22017', 'Fournier', 'Paul', 'M', 'paul.f@univ.fr', '0600000017', '8 Av du General Leclerc', 'Montgeron', '91230', 'Pro', 'Non', 'Standard'),
(18, '22018', 'Morel', 'Alice', 'F', 'alice.m@univ.fr', '0600000018', '6 Rue des Lilas', 'Saint-Denis', '93200', 'General', 'Non', 'Standard'),
(19, '22019', 'Girard', 'Arthur', 'M', 'arthur.g@univ.fr', '0600000019', '20 Rue d Athis', 'Athis-Mons', '91200', 'General', 'Non', 'Standard'),
(20, '22020', 'Andre', 'Lina', 'F', 'lina.a@univ.fr', '0600000020', '15 Rue de Juvisy', 'Draveil', '91210', 'General', 'Non', 'Standard'),
(21, '22021', 'Lefevre', 'Jules', 'M', 'jules.l@univ.fr', '0600000021', '3 Bd Saint-Michel', 'Paris', '75005', 'General', 'Non', 'Standard'),
(22, '22022', 'Mercier', 'Eva', 'F', 'eva.m@univ.fr', '0600000022', '1 Rue Pasteur', 'Orsay', '91400', 'Techno', 'Non', 'Standard'),
(23, '22023', 'Dupont', 'Adam', 'M', 'adam.d@univ.fr', '0600000023', '7 Av des Champs', 'Versailles', '78000', 'General', 'Non', 'Standard'),
(24, '22024', 'Lambert', 'Ines', 'F', 'ines.l@univ.fr', '0600000024', '9 Rue de la Source', 'Epinay-sur-Orge', '91360', 'General', 'Non', 'Standard'),
(25, '22025', 'Bonnet', 'Mael', 'M', 'mael.b@univ.fr', '0600000025', '2 Place des Tilleuls', 'Viry-Chatillon', '91170', 'Pro', 'Non', 'Standard');

INSERT INTO Groupe (id_groupe, libelle_groupe, type_groupe, capacite_max_groupe, groupe_rendu_public) VALUES
(1, 'INFO-S1-TD1A', 'TD', 28, 1),
(2, 'INFO-S1-TD1B', 'TD', 28, 1),
(3, 'INFO-S1-TD1C', 'TD', 28, 1),
(4, 'INFO-S1-TP1A', 'TP', 14, 1),
(5, 'INFO-S1-TP1B', 'TP', 14, 1),
(6, 'INFO-S2-TP2A', 'TP', 14, 1),
(7, 'INFO-S2-TP2B', 'TP', 14, 1),
(8, 'INFO-S1-CM', 'CM', 120, 1),
(9, 'INFO-S2-TD2C', 'TD', 30, 1),
(10, 'INFO-S2-TP2D', 'TD', 30, 1),
(11, 'INFO-S1-TP1C', 'TP', 15, 1),
(12, 'INFO-S1-TP1E', 'TP', 15, 1),
(13, 'INFO-S3-TD3A', 'TD', 26, 1),
(14, 'INFO-S3-TD3B', 'TD', 26, 1),
(15, 'INFO-S3-TP3A', 'TP', 13, 1),
(16, 'INFO-S1-TD1E', 'TD', 20, 1),
(17, 'INFO-S1-TD1D', 'TD', 20, 1),
(18, 'INFO-S2-TD2A', 'TD', 20, 1),
(19, 'INFO-S1-TP1L', 'TP', 22, 1),
(20, 'INFO-S1-TP1D', 'TP', 12, 1),
(21, 'PROJET-WEB', 'PROJET', 5, 0),
(22, 'PROJET-MOBILE', 'PROJET', 5, 0),
(23, 'PROJET-S3', 'PROJET', 5, 0),
(24, 'SOUTIEN-MATH', 'SOUTIEN', 10, 0),
(25, 'SOUTIEN-JAVA', 'SOUTIEN', 10, 0);

INSERT INTO Contrainte (id_contrainte, type_contrainte, parametres_contrainte) VALUES
(1, 'Max_Etu', '28'),
(2, 'Max_Etu', '14'),
(3, 'Min_Etu', '10'),
(4, 'Salle_Info', 'Postes PC requis'),
(5, 'Salle_Chimie', 'Paillasse requise'),
(6, 'Projecteur', 'VideoProj requis'),
(7, 'Handicap', 'Acces PMR'),
(8, 'Logiciel', 'Install Java'),
(9, 'Logiciel', 'Install Adobe'),
(10, 'Horaires', 'Pas avant 8h'),
(11, 'Horaires', 'Pas apres 18h'),
(12, 'Pause', 'Pause dej 1h30'),
(13, 'Mixite', 'Genre Equilibre'),
(14, 'Niveau', 'Moyenne Homogene'),
(15, 'Redoublant', 'Max 2 redoublants'),
(16, 'Sport', 'Vestiaire requis'),
(17, 'Son', 'Enceintes requises'),
(18, 'Distanciel', 'Equipement Visio');

INSERT INTO FeuilleNote (id_importation_notes, date_importation) VALUES
(1, '2023-09-15'),
(2, '2023-09-20'),
(3, '2023-09-25'),
(4, '2023-10-01'),
(5, '2023-10-05'),
(6, '2023-10-10'),
(7, '2023-10-15'),
(8, '2023-10-20'),
(9, '2023-10-25'),
(10, '2023-11-01'),
(11, '2023-11-05'),
(12, '2023-11-10'),
(13, '2023-11-15'),
(14, '2023-11-20'),
(15, '2023-11-25'),
(16, '2023-12-01'),
(17, '2023-12-05'),
(18, '2023-12-10'),
(19, '2023-12-15'),
(20, '2023-12-20');

INSERT INTO Enseignant (id_enseignant, nom_enseignant, prenom_enseignant, id_utilisateur) VALUES
(1, 'Ferey', 'Nicolas', 2),
(2, 'Dupont', 'Alice', 3),
(3, 'Martin', 'Bruno', 4),
(4, 'Lefevre', 'Claire', 5),
(5, 'Moreau', 'David', 6),
(6, 'Simon', 'Emilie', 7),
(7, 'Michel', 'Francois', 8),
(8, 'Leroy', 'Gerard', 9),
(9, 'Roux', 'Helene', 10),
(10, 'David', 'Isabelle', 11),
(11, 'Bertrand', 'Jean', 12),
(12, 'Muller', 'Karine', 13),
(13, 'Fontaine', 'Laurent', 14),
(14, 'Chevalier', 'Monique', 15),
(15, 'Guerin', 'Nathalie', 16),
(16, 'Boyer', 'Olivier', 17),
(17, 'Garnier', 'Patrick', 18),
(18, 'Legrand', 'Quentin', 19),
(19, 'Clement', 'Romain', 20),
(20, 'Gauthier', 'Sylvie', 21),
(21, 'Dumoulin', 'Thierry', 22),
(22, 'Henry', 'Ursule', 23);

INSERT INTO Promotion (id_promotion, libelle_promotion, id_formation) VALUES
(1, 'Promo 2025/2026 - BUT1', 1),
(2, 'Promo 2025/2026 - BUT2', 1),
(3, 'Promo 2025/2026 - BUT3 Parcours A', 1),
(4, 'Promo 2025/2026 - BUT3 Parcours B', 1),
(5, 'Promo 2024/2025 - BUT1', 1),
(6, 'Promo 2024/2025 - BUT2', 1),
(7, 'Promo 2024/2025 - BUT3', 1),
(8, 'Promo Apprentissage 2025', 1),
(9, 'Promo Apprentissage 2024', 1),
(10, 'Promo Echange International 2025', 1);

INSERT INTO Responsable (id_responsable, portee_responsable, droits_responsable, id_formation, id_enseignant) VALUES
(1, 'Resp BUT1', 'FULL', 1, 1),
(2, 'Resp BUT2', 'FULL', 1, 2),
(3, 'Resp BUT3', 'FULL', 1, 3),
(4, 'Resp Parcours A', 'FULL', 1, 4),
(5, 'Resp Parcours B', 'FULL', 1, 5),
(6, 'Resp Stages', 'RESTRICTED', 1, 6),
(7, 'Resp Alternance', 'RESTRICTED', 1, 7),
(8, 'Resp Relations Entreprises', 'READ', 1, 8),
(9, 'Resp Module Java', 'WRITE', 1, 9),
(10, 'Resp Module Web', 'WRITE', 1, 10),
(11, 'Resp Module Reseau', 'WRITE', 1, 11),
(12, 'Resp Module BDD', 'WRITE', 1, 12),
(13, 'Resp Module System', 'WRITE', 1, 13),
(14, 'Resp Module Maths', 'WRITE', 1, 14),
(15, 'Resp Module Anglais', 'WRITE', 1, 15),
(16, 'Chef Departement', 'ADMIN', 1, 16),
(17, 'Directeur Etudes', 'ADMIN', 1, 17),
(18, 'Resp International', 'READ', 1, 18),
(19, 'Resp Planning', 'WRITE', 1, 19),
(20, 'Resp Innovation', 'READ', 1, 20);

INSERT INTO Affectation (id_affectation, date_affectation, affectation_courante, id_groupe, id_etudiant) VALUES
(1, '2025-12-19 17:57:24', 1, 1, 1),
(2, '2025-12-19 17:57:24', 1, 1, 2),
(3, '2025-12-19 17:57:24', 1, 1, 3),
(4, '2025-12-19 17:57:24', 1, 1, 4),
(5, '2025-12-19 17:57:24', 1, 1, 5),
(6, '2025-12-19 17:57:24', 1, 1, 6),
(7, '2025-12-19 17:57:24', 1, 2, 7),
(8, '2025-12-19 17:57:24', 1, 2, 8),
(9, '2025-12-19 17:57:24', 1, 2, 9),
(10, '2025-12-19 17:57:24', 1, 2, 10),
(11, '2025-12-19 17:57:24', 1, 4, 11),
(12, '2025-12-19 17:57:24', 1, 4, 12),
(13, '2025-12-19 17:57:24', 1, 4, 13),
(14, '2025-12-19 17:57:24', 1, 4, 14),
(15, '2025-12-19 17:57:24', 1, 4, 15),
(16, '2025-12-19 17:57:24', 1, 8, 16),
(17, '2025-12-19 17:57:24', 1, 8, 17),
(18, '2025-12-19 17:57:24', 1, 8, 18),
(19, '2025-12-19 17:57:24', 1, 19, 1),
(20, '2025-12-19 17:57:24', 1, 19, 7);

INSERT INTO Contient (id_promotion, id_groupe, nb_groupes) VALUES
(1, 1, '4'),
(1, 2, '4'),
(1, 4, '8'),
(1, 5, '8'),
(1, 8, '1'),
(1, 13, '4'),
(1, 16, '6'),
(1, 19, '4'),
(1, 24, '2'),
(1, 25, '2'),
(2, 9, '1'),
(2, 10, '1'),
(3, 21, '10'),
(3, 22, '5'),
(4, 23, '5');

INSERT INTO enseigne (id_enseignant, id_etudiant) VALUES
(1, 1),
(1, 2),
(1, 3),
(2, 4),
(2, 5),
(2, 6),
(3, 7),
(3, 8),
(4, 9),
(4, 10),
(5, 11),
(5, 12),
(6, 13),
(6, 14),
(7, 15),
(8, 16),
(9, 17),
(10, 18),
(11, 19),
(12, 20);

INSERT INTO Note (id_note, libelle_note, valeur_note, id_etudiant, id_importation_notes) VALUES
(1, 'Maths Algèbre DS1', 14.50, 1, 1),
(2, 'Maths Probabilité DS1', 12.00, 2, 1),
(3, 'Maths Fonda DS1', 10.50, 3, 1),
(4, 'Java TP noté', 18.00, 1, 2),
(5, 'InitDev TP noté', 16.00, 2, 2),
(6, 'Anglais Oral', 15.00, 1, 3),
(7, 'Anglais Ecrit', 14.00, 2, 3),
(8, 'Web Site', 19.00, 4, 4),
(9, 'Soutenance Management', 11.00, 5, 4),
(10, 'BD MySQL', 9.00, 6, 5),
(11, 'Eco Partiel', 13.50, 7, 5),
(12, 'Droit Exam', 11.00, 1, 6),
(13, 'Sport Perf', 17.00, 1, 7),
(14, 'BD SQL', 16.50, 8, 8),
(15, 'BD PL/SQL', 8.00, 9, 8),
(16, 'Systeme TP', 14.00, 10, 9),
(17, 'Reseaux TP', 15.00, 11, 9),
(18, 'Compta DS', 12.00, 12, 10),
(19, 'PHP Projet', 18.50, 13, 11),
(20, 'Reseaux CC', 10.00, 14, 12);

INSERT INTO respecte (id_contrainte, id_groupe, priorite_contrainte) VALUES
(1, 1, 'HAUTE'),
(1, 2, 'HAUTE'),
(1, 3, 'HAUTE'),
(2, 4, 'HAUTE'),
(2, 5, 'HAUTE'),
(2, 6, 'HAUTE'),
(3, 21, 'FAIBLE'),
(4, 1, 'MOYENNE'),
(4, 4, 'HAUTE'),
(6, 8, 'FAIBLE'),
(7, 8, 'CRITIQUE'),
(8, 24, 'HAUTE'),
(9, 13, 'MOYENNE'),
(10, 1, 'FAIBLE'),
(11, 1, 'FAIBLE'),
(12, 1, 'MOYENNE'),
(13, 1, 'MOYENNE'),
(16, 19, 'HAUTE'),
(19, 19, 'HAUTE'),
(19, 20, 'HAUTE');

INSERT INTO Sondage (id_sondage, critere_sondage, type_sondage, id_responsable) VALUES
(1, 'Choix OS Laptop', 'QCM', 1),
(2, 'Choix Projet S3', 'QCM', 2),
(3, 'Niveau Python', 'SCALE', 1),
(4, 'Avis Cours Java', 'LIBRE', 9),
(5, 'Avis Cours Web', 'LIBRE', 10),
(6, 'Dispo Hackathon', 'BOOL', 20),
(7, 'Choix Stage', 'QCM', 6),
(8, 'Choix Alternance', 'QCM', 7),
(9, 'Menu Cantine', 'QCM', 16),
(10, 'Date Soutenance', 'DATE', 3),
(11, 'Choix IDE Préféré', 'QCM', 1),
(12, 'Binome Projet', 'TEXTE', 2),
(13, 'Inscription Certif Cisco', 'BOOL', 11),
(14, 'Besoin Prêt PC', 'BOOL', 1),
(15, 'Niveau Anglais', 'SCALE', 15),
(16, 'Dest Erasmus', 'QCM', 18),
(17, 'Theme PFE', 'QCM', 3),
(18, 'Rattrapage Linux', 'DATE', 13),
(19, 'Soiree Integration', 'BOOL', 16),
(20, 'Commande Goodies', 'TAILLE', 16);

INSERT INTO OptionSondage (id_option, texte_option, id_sondage) VALUES
(1, 'Windows', 1),
(2, 'Linux', 1),
(3, 'MacOS', 1),
(4, 'Site E-commerce', 2),
(5, 'Jeu Video', 2),
(6, 'Application Mobile', 2),
(7, 'Debutant', 3),
(8, 'Intermediaire', 3),
(9, 'Expert', 3),
(10, 'Entreprise A', 8),
(11, 'Entreprise B', 8),
(12, 'IntelliJ', 11),
(13, 'VS Code', 11),
(14, 'Eclipse', 11),
(15, 'Canada', 16),
(16, 'Japon', 16),
(17, 'Cybersecurite', 17),
(18, 'IA', 17),
(19, 'Taille M', 20),
(20, 'Taille L', 20);

INSERT INTO ReponseSondage (id_reponse, valeur_reponse, id_etudiant, id_sondage) VALUES
(1, 'Linux', 1, 1),
(2, 'Windows', 2, 1),
(3, 'MacOS', 3, 1),
(4, 'Jeu Video', 4, 2),
(5, 'Site E-commerce', 5, 2),
(6, 'Debutant', 6, 3),
(7, 'Expert', 7, 3),
(8, 'Oui', 8, 13),
(9, 'Non', 9, 13),
(10, 'Oui', 10, 14),
(11, 'Canada', 11, 16),
(12, 'Japon', 12, 16),
(13, 'IA', 13, 17),
(14, 'Taille M', 14, 20),
(15, 'Taille L', 15, 20),
(16, 'Linux', 16, 1),
(17, 'Jeu Video', 17, 2),
(18, 'Intermediaire', 18, 3),
(19, 'Oui', 19, 13),
(20, 'Non', 20, 14);